{
    "collectionDateBegin": {
        "mean": 1985.4209544967669,
        "std": 44.01801495940261,
        "q1": 1977.0,
        "q3": 2013.0,
        "iqr": 36.0,
        "lower": 1923.0,
        "upper": 2067.0
    }
}