{
    "collectionDateBegin": {
        "mean": 1985.5614974322368,
        "std": 46.18982593753593,
        "q1": 1977.0,
        "q3": 2013.0,
        "iqr": 36.0,
        "lower": 1923.0,
        "upper": 2067.0
    }
}