{
    "collectionDateBegin": {
        "mean": 1985.5556807959508,
        "std": 46.18921613572612,
        "q1": 1977.0,
        "q3": 2013.0,
        "iqr": 36.0,
        "lower": 1923.0,
        "upper": 2067.0
    }
}