{
    "decimalLatitude": {
        "q1": 50.220001220703125,
        "q3": 52.446388244628906,
        "iqr": 2.2263870239257812,
        "lower": 46.88042068481445,
        "upper": 55.78596878051758
    },
    "decimalLongitude": {
        "q1": 10.311389923095703,
        "q3": 12.983059883117676,
        "iqr": 2.6716699600219727,
        "lower": 6.303884983062744,
        "upper": 16.990564823150635
    }
}