{
    "decimalLatitude": {
        "q1": 50.24082946777344,
        "q3": 52.45000076293945,
        "iqr": 2.2091712951660156,
        "lower": 46.927072525024414,
        "upper": 55.76375770568848
    },
    "decimalLongitude": {
        "q1": 10.318059921264648,
        "q3": 12.98332977294922,
        "iqr": 2.665269851684572,
        "lower": 6.32015514373779,
        "upper": 16.981234550476078
    }
}