{
    "decimalLatitude": {
        "q1": 50.220829010009766,
        "q3": 52.446388244628906,
        "iqr": 2.2255592346191406,
        "lower": 46.882490158081055,
        "upper": 55.78472709655762
    },
    "decimalLongitude": {
        "q1": 10.305830001831056,
        "q3": 12.981940269470217,
        "iqr": 2.67611026763916,
        "lower": 6.291664600372316,
        "upper": 16.996105670928955
    }
}