{
    "decimalLatitude": {
        "q1": 51.26461982727051,
        "q3": 51.85064697265625,
        "iqr": 0.5860271453857422,
        "lower": 50.385579109191895,
        "upper": 52.72968769073486
    },
    "decimalLongitude": {
        "q1": 8.734093189239502,
        "q3": 12.686665058135986,
        "iqr": 3.9525718688964844,
        "lower": 2.8052353858947754,
        "upper": 18.615522861480713
    }
}