{
    "decimalLatitude": {
        "median": 51.810279846191406,
        "mad": 0.77471923828125
    },
    "decimalLongitude": {
        "median": 12.0600004196167,
        "mad": 1.0908308029174787
    }
}