{
    "decimalLatitude": {
        "median": 51.75722122192383,
        "mad": 0.391040802001946
    },
    "decimalLongitude": {
        "median": 12.084440231323242,
        "mad": 1.2493562698364258
    }
}