{
    "decimalLatitude": {
        "median": 51.8105583190918,
        "mad": 0.7744407653808594
    },
    "decimalLongitude": {
        "median": 12.0625,
        "mad": 1.0905599594116193
    }
}