{
    "decimalLatitude": {
        "median": 51.810279846191406,
        "mad": 0.77471923828125
    },
    "decimalLongitude": {
        "median": 12.058469772338867,
        "mad": 1.0906896591186506
    }
}