{
    "decimalLatitude": {
        "mean": 51.15176615729626,
        "std": 2.0106721649410537
    },
    "decimalLongitude": {
        "mean": 11.448424499830343,
        "std": 2.3863116128676647
    }
}