{
    "decimalLatitude": {
        "mean": 51.82760892595564,
        "std": 1.1284964114870493
    },
    "decimalLongitude": {
        "mean": 10.686096736363002,
        "std": 2.576624744230649
    }
}