{
    "decimalLatitude": {
        "mean": 51.15026759367792,
        "std": 2.0390290955911423
    },
    "decimalLongitude": {
        "mean": 11.447207355874802,
        "std": 2.414492556690671
    }
}