{
    "decimalLatitude": {
        "mean": 51.16079566746763,
        "std": 2.014423633463036
    },
    "decimalLongitude": {
        "mean": 11.447642539105228,
        "std": 2.2372185982142447
    }
}